#comment,AES(JEOL)spectrum
#title,Al-Cu intermetallic compo. 10kV M5 data034(SEM-Center)
#dimension,x,y
#x,Kinetic Energy,eV
#y,Intensity,counts
#legend,CuLMM,AlKLL
#acq_date,2016/04/08 19:39:36
#cps_conversion,0
#acq_time,50.0,50.0
#acq_time_unit,ms
#subplot,0,1,1

670.0,15845,1250.0,23592
670.1,15862,1250.1,23587
670.2,15867,1250.2,23565
670.3,15895,1250.3,23584
670.4,15908,1250.4,23576
670.5,15847,1250.5,23590
670.6,15852,1250.6,23607
670.7,15874,1250.7,23604
670.8,15879,1250.8,23615
670.9,15899,1250.9,23608
671.0,15878,1251.0,23619
671.1,15917,1251.1,23637
671.2,15887,1251.2,23634
671.3,15892,1251.3,23609
671.4,15877,1251.4,23596
671.5,15882,1251.5,23617
671.6,15892,1251.6,23597
671.7,15904,1251.7,23651
671.8,15886,1251.8,23652
671.9,15882,1251.9,23637
672.0,15889,1252.0,23593
672.1,15903,1252.1,23654
672.2,15873,1252.2,23637
672.3,15890,1252.3,23644
672.4,15894,1252.4,23618
672.5,15884,1252.5,23640
672.6,15954,1252.6,23674
672.7,15911,1252.7,23675
672.8,15919,1252.8,23655
672.9,15952,1252.9,23641
673.0,15938,1253.0,23663
673.1,15949,1253.1,23643
673.2,15928,1253.2,23670
673.3,15923,1253.3,23685
673.4,15898,1253.4,23682
673.5,15942,1253.5,23656
673.6,15946,1253.6,23664
673.7,15950,1253.7,23701
673.8,15920,1253.8,23674
673.9,15958,1253.9,23655
674.0,15926,1254.0,23673
674.1,15951,1254.1,23703
674.2,15925,1254.2,23709
674.3,15951,1254.3,23716
674.4,15967,1254.4,23717
674.5,15971,1254.5,23712
674.6,15961,1254.6,23708
674.7,15948,1254.7,23727
674.8,15970,1254.8,23725
674.9,15945,1254.9,23707
675.0,15971,1255.0,23702
675.1,15939,1255.1,23705
675.2,15973,1255.2,23703
675.3,15966,1255.3,23705
675.4,15967,1255.4,23744
675.5,15970,1255.5,23719
675.6,15992,1255.6,23723
675.7,15963,1255.7,23732
675.8,15964,1255.8,23739
675.9,15966,1255.9,23785
676.0,15999,1256.0,23759
676.1,15975,1256.1,23747
676.2,15968,1256.2,23741
676.3,16000,1256.3,23747
676.4,15996,1256.4,23748
676.5,15978,1256.5,23743
676.6,15950,1256.6,23752
676.7,15988,1256.7,23783
676.8,16019,1256.8,23750
676.9,15988,1256.9,23790
677.0,16003,1257.0,23752
677.1,15989,1257.1,23728
677.2,16012,1257.2,23745
677.3,16010,1257.3,23760
677.4,16034,1257.4,23792
677.5,16020,1257.5,23815
677.6,16009,1257.6,23785
677.7,16018,1257.7,23776
677.8,16023,1257.8,23746
677.9,15998,1257.9,23751
678.0,16041,1258.0,23735
678.1,16030,1258.1,23792
678.2,16034,1258.2,23777
678.3,16054,1258.3,23784
678.4,16057,1258.4,23809
678.5,16011,1258.5,23815
678.6,16012,1258.6,23796
678.7,16014,1258.7,23793
678.8,16030,1258.8,23784
678.9,16052,1258.9,23804
679.0,16087,1259.0,23818
679.1,16033,1259.1,23833
679.2,16064,1259.2,23797
679.3,16073,1259.3,23835
679.4,16054,1259.4,23809
679.5,16051,1259.5,23807
679.6,16060,1259.6,23817
679.7,16094,1259.7,23824
679.8,16075,1259.8,23817
679.9,16051,1259.9,23858
680.0,16081,1260.0,23800
680.1,16079,1260.1,23840
680.2,16099,1260.2,23855
680.3,16048,1260.3,23871
680.4,16084,1260.4,23837
680.5,16088,1260.5,23876
680.6,16093,1260.6,23848
680.7,16080,1260.7,23823
680.8,16091,1260.8,23881
680.9,16083,1260.9,23891
681.0,16110,1261.0,23873
681.1,16033,1261.1,23866
681.2,16061,1261.2,23885
681.3,16129,1261.3,23875
681.4,16145,1261.4,23878
681.5,16118,1261.5,23877
681.6,16112,1261.6,23879
681.7,16124,1261.7,23909
681.8,16132,1261.8,23883
681.9,16098,1261.9,23907
682.0,16106,1262.0,23883
682.1,16124,1262.1,23909
682.2,16123,1262.2,23937
682.3,16128,1262.3,23892
682.4,16136,1262.4,23896
682.5,16133,1262.5,23903
682.6,16125,1262.6,23916
682.7,16119,1262.7,23897
682.8,16131,1262.8,23936
682.9,16124,1262.9,23914
683.0,16157,1263.0,23895
683.1,16148,1263.1,23901
683.2,16143,1263.2,23925
683.3,16156,1263.3,23895
683.4,16124,1263.4,23920
683.5,16159,1263.5,23929
683.6,16145,1263.6,23910
683.7,16155,1263.7,23948
683.8,16193,1263.8,23961
683.9,16165,1263.9,23928
684.0,16170,1264.0,23926
684.1,16142,1264.1,23943
684.2,16185,1264.2,23963
684.3,16202,1264.3,23935
684.4,16194,1264.4,23932
684.5,16183,1264.5,23974
684.6,16168,1264.6,23938
684.7,16156,1264.7,23961
684.8,16183,1264.8,23959
684.9,16204,1264.9,24001
685.0,16214,1265.0,23983
685.1,16171,1265.1,23954
685.2,16174,1265.2,23987
685.3,16191,1265.3,23970
685.4,16220,1265.4,23964
685.5,16227,1265.5,24022
685.6,16213,1265.6,23989
685.7,16184,1265.7,23994
685.8,16168,1265.8,23972
685.9,16220,1265.9,23959
686.0,16215,1266.0,24009
686.1,16240,1266.1,23978
686.2,16230,1266.2,24024
686.3,16207,1266.3,24001
686.4,16240,1266.4,23991
686.5,16241,1266.5,24029
686.6,16225,1266.6,24049
686.7,16243,1266.7,24009
686.8,16226,1266.8,24009
686.9,16222,1266.9,23989
687.0,16244,1267.0,24003
687.1,16259,1267.1,24009
687.2,16278,1267.2,24008
687.3,16286,1267.3,24016
687.4,16259,1267.4,24019
687.5,16262,1267.5,24020
687.6,16275,1267.6,24016
687.7,16276,1267.7,24043
687.8,16277,1267.8,24041
687.9,16300,1267.9,24043
688.0,16256,1268.0,24066
688.1,16274,1268.1,24061
688.2,16256,1268.2,24028
688.3,16256,1268.3,24063
688.4,16271,1268.4,24076
688.5,16290,1268.5,24052
688.6,16294,1268.6,24071
688.7,16290,1268.7,24035
688.8,16287,1268.8,24081
688.9,16315,1268.9,24052
689.0,16320,1269.0,24035
689.1,16292,1269.1,24070
689.2,16314,1269.2,24087
689.3,16314,1269.3,24082
689.4,16303,1269.4,24068
689.5,16283,1269.5,24082
689.6,16305,1269.6,24090
689.7,16319,1269.7,24114
689.8,16371,1269.8,24070
689.9,16327,1269.9,24103
690.0,16324,1270.0,24114
690.1,16323,1270.1,24116
690.2,16307,1270.2,24087
690.3,16305,1270.3,24112
690.4,16314,1270.4,24122
690.5,16324,1270.5,24087
690.6,16334,1270.6,24130
690.7,16342,1270.7,24133
690.8,16329,1270.8,24114
690.9,16322,1270.9,24128
691.0,16352,1271.0,24131
691.1,16350,1271.1,24152
691.2,16354,1271.2,24130
691.3,16368,1271.3,24124
691.4,16359,1271.4,24136
691.5,16376,1271.5,24154
691.6,16338,1271.6,24183
691.7,16390,1271.7,24156
691.8,16404,1271.8,24158
691.9,16390,1271.9,24137
692.0,16387,1272.0,24181
692.1,16432,1272.1,24180
692.2,16392,1272.2,24195
692.3,16385,1272.3,24204
692.4,16369,1272.4,24164
692.5,16376,1272.5,24177
692.6,16427,1272.6,24173
692.7,16417,1272.7,24166
692.8,16403,1272.8,24192
692.9,16381,1272.9,24195
693.0,16437,1273.0,24218
693.1,16449,1273.1,24175
693.2,16420,1273.2,24164
693.3,16412,1273.3,24189
693.4,16414,1273.4,24173
693.5,16420,1273.5,24197
693.6,16442,1273.6,24183
693.7,16429,1273.7,24212
693.8,16393,1273.8,24205
693.9,16449,1273.9,24230
694.0,16390,1274.0,24214
694.1,16412,1274.1,24216
694.2,16409,1274.2,24223
694.3,16405,1274.3,24214
694.4,16420,1274.4,24218
694.5,16439,1274.5,24245
694.6,16419,1274.6,24206
694.7,16431,1274.7,24221
694.8,16452,1274.8,24232
694.9,16497,1274.9,24243
695.0,16470,1275.0,24241
695.1,16461,1275.1,24263
695.2,16468,1275.2,24260
695.3,16433,1275.3,24236
695.4,16449,1275.4,24264
695.5,16440,1275.5,24231
695.6,16479,1275.6,24245
695.7,16462,1275.7,24221
695.8,16482,1275.8,24228
695.9,16460,1275.9,24273
696.0,16487,1276.0,24229
696.1,16480,1276.1,24250
696.2,16472,1276.2,24272
696.3,16463,1276.3,24282
696.4,16485,1276.4,24268
696.5,16507,1276.5,24290
696.6,16484,1276.6,24279
696.7,16472,1276.7,24304
696.8,16473,1276.8,24309
696.9,16479,1276.9,24332
697.0,16496,1277.0,24294
697.1,16508,1277.1,24302
697.2,16540,1277.2,24312
697.3,16526,1277.3,24309
697.4,16503,1277.4,24324
697.5,16502,1277.5,24343
697.6,16496,1277.6,24344
697.7,16501,1277.7,24311
697.8,16539,1277.8,24349
697.9,16523,1277.9,24320
698.0,16554,1278.0,24325
698.1,16553,1278.1,24347
698.2,16552,1278.2,24315
698.3,16572,1278.3,24335
698.4,16560,1278.4,24351
698.5,16508,1278.5,24325
698.6,16549,1278.6,24339
698.7,16521,1278.7,24362
698.8,16570,1278.8,24340
698.9,16589,1278.9,24365
699.0,16564,1279.0,24395
699.1,16583,1279.1,24337
699.2,16586,1279.2,24394
699.3,16587,1279.3,24378
699.4,16591,1279.4,24408
699.5,16577,1279.5,24357
699.6,16587,1279.6,24393
699.7,16610,1279.7,24384
699.8,16592,1279.8,24371
699.9,16577,1279.9,24374
700.0,16590,1280.0,24378
700.1,16590,1280.1,24368
700.2,16612,1280.2,24423
700.3,16585,1280.3,24407
700.4,16602,1280.4,24418
700.5,16617,1280.5,24428
700.6,16607,1280.6,24446
700.7,16622,1280.7,24400
700.8,16573,1280.8,24417
700.9,16631,1280.9,24410
701.0,16612,1281.0,24445
701.1,16622,1281.1,24432
701.2,16633,1281.2,24387
701.3,16639,1281.3,24439
701.4,16658,1281.4,24456
701.5,16639,1281.5,24439
701.6,16649,1281.6,24439
701.7,16646,1281.7,24426
701.8,16661,1281.8,24441
701.9,16628,1281.9,24446
702.0,16645,1282.0,24423
702.1,16673,1282.1,24422
702.2,16659,1282.2,24453
702.3,16677,1282.3,24457
702.4,16668,1282.4,24442
702.5,16697,1282.5,24468
702.6,16670,1282.6,24464
702.7,16625,1282.7,24461
702.8,16691,1282.8,24471
702.9,16681,1282.9,24454
703.0,16715,1283.0,24462
703.1,16662,1283.1,24465
703.2,16665,1283.2,24465
703.3,16710,1283.3,24462
703.4,16644,1283.4,24515
703.5,16664,1283.5,24456
703.6,16663,1283.6,24507
703.7,16703,1283.7,24505
703.8,16729,1283.8,24487
703.9,16701,1283.9,24509
704.0,16697,1284.0,24488
704.1,16709,1284.1,24506
704.2,16748,1284.2,24506
704.3,16730,1284.3,24513
704.4,16716,1284.4,24531
704.5,16736,1284.5,24501
704.6,16736,1284.6,24495
704.7,16716,1284.7,24509
704.8,16737,1284.8,24526
704.9,16738,1284.9,24523
705.0,16752,1285.0,24528
705.1,16743,1285.1,24525
705.2,16761,1285.2,24533
705.3,16755,1285.3,24509
705.4,16727,1285.4,24562
705.5,16769,1285.5,24529
705.6,16753,1285.6,24550
705.7,16762,1285.7,24522
705.8,16754,1285.8,24552
705.9,16766,1285.9,24552
706.0,16781,1286.0,24549
706.1,16792,1286.1,24553
706.2,16778,1286.2,24546
706.3,16783,1286.3,24553
706.4,16800,1286.4,24570
706.5,16796,1286.5,24546
706.6,16789,1286.6,24551
706.7,16786,1286.7,24561
706.8,16778,1286.8,24573
706.9,16762,1286.9,24562
707.0,16819,1287.0,24584
707.1,16839,1287.1,24607
707.2,16838,1287.2,24593
707.3,16831,1287.3,24601
707.4,16824,1287.4,24566
707.5,16836,1287.5,24591
707.6,16820,1287.6,24581
707.7,16840,1287.7,24601
707.8,16816,1287.8,24581
707.9,16787,1287.9,24580
708.0,16817,1288.0,24602
708.1,16852,1288.1,24616
708.2,16827,1288.2,24584
708.3,16844,1288.3,24591
708.4,16860,1288.4,24598
708.5,16856,1288.5,24656
708.6,16844,1288.6,24644
708.7,16842,1288.7,24610
708.8,16835,1288.8,24642
708.9,16866,1288.9,24648
709.0,16846,1289.0,24635
709.1,16863,1289.1,24632
709.2,16886,1289.2,24653
709.3,16891,1289.3,24664
709.4,16892,1289.4,24644
709.5,16885,1289.5,24630
709.6,16882,1289.6,24654
709.7,16936,1289.7,24691
709.8,16907,1289.8,24675
709.9,16906,1289.9,24646
710.0,16887,1290.0,24668
710.1,16921,1290.1,24693
710.2,16902,1290.2,24672
710.3,16937,1290.3,24676
710.4,16935,1290.4,24695
710.5,16907,1290.5,24697
710.6,16909,1290.6,24691
710.7,16943,1290.7,24670
710.8,16922,1290.8,24707
710.9,16886,1290.9,24707
711.0,16924,1291.0,24706
711.1,16899,1291.1,24733
711.2,16927,1291.2,24714
711.3,16952,1291.3,24745
711.4,16967,1291.4,24701
711.5,16944,1291.5,24738
711.6,16970,1291.6,24739
711.7,17001,1291.7,24776
711.8,16969,1291.8,24766
711.9,16951,1291.9,24736
712.0,16990,1292.0,24708
712.1,16958,1292.1,24752
712.2,16970,1292.2,24715
712.3,16977,1292.3,24728
712.4,16973,1292.4,24784
712.5,16982,1292.5,24780
712.6,16961,1292.6,24743
712.7,16944,1292.7,24808
712.8,16978,1292.8,24774
712.9,16941,1292.9,24771
713.0,16942,1293.0,24816
713.1,16973,1293.1,24769
713.2,16973,1293.2,24821
713.3,16986,1293.3,24783
713.4,16985,1293.4,24812
713.5,17010,1293.5,24816
713.6,16967,1293.6,24821
713.7,16983,1293.7,24820
713.8,16976,1293.8,24819
713.9,17012,1293.9,24833
714.0,17025,1294.0,24822
714.1,17010,1294.1,24821
714.2,16985,1294.2,24816
714.3,16979,1294.3,24862
714.4,16985,1294.4,24880
714.5,16986,1294.5,24853
714.6,17014,1294.6,24866
714.7,16989,1294.7,24882
714.8,17004,1294.8,24893
714.9,16973,1294.9,24874
715.0,16989,1295.0,24909
715.1,17000,1295.1,24875
715.2,16993,1295.2,24920
715.3,16991,1295.3,24885
715.4,16984,1295.4,24867
715.5,17000,1295.5,24878
715.6,16993,1295.6,24892
715.7,16999,1295.7,24924
715.8,17003,1295.8,24892
715.9,16989,1295.9,24917
716.0,16980,1296.0,24924
716.1,16989,1296.1,24937
716.2,17012,1296.2,24938
716.3,17022,1296.3,24942
716.4,16995,1296.4,24896
716.5,17006,1296.5,24936
716.6,17014,1296.6,24918
716.7,17005,1296.7,24912
716.8,17005,1296.8,24902
716.9,17016,1296.9,24994
717.0,17036,1297.0,24947
717.1,16972,1297.1,24954
717.2,16991,1297.2,24965
717.3,17048,1297.3,24947
717.4,17026,1297.4,24960
717.5,17052,1297.5,24959
717.6,17039,1297.6,24956
717.7,17077,1297.7,24920
717.8,17055,1297.8,24949
717.9,17045,1297.9,24969
718.0,17023,1298.0,24979
718.1,17062,1298.1,24967
718.2,17036,1298.2,24952
718.3,17040,1298.3,24984
718.4,17040,1298.4,24982
718.5,17050,1298.5,24973
718.6,17033,1298.6,24982
718.7,17032,1298.7,24963
718.8,17071,1298.8,24944
718.9,17053,1298.9,24975
719.0,17035,1299.0,24985
719.1,17034,1299.1,24968
719.2,17044,1299.2,24983
719.3,17054,1299.3,24980
719.4,17064,1299.4,24970
719.5,17080,1299.5,24979
719.6,17073,1299.6,24963
719.7,17082,1299.7,24957
719.8,17079,1299.8,24977
719.9,17098,1299.9,24940
720.0,17090,1300.0,24935
720.1,17105,1300.1,24964
720.2,17097,1300.2,24963
720.3,17113,1300.3,24955
720.4,17070,1300.4,24977
720.5,17114,1300.5,24980
720.6,17100,1300.6,24985
720.7,17123,1300.7,24943
720.8,17138,1300.8,24955
720.9,17150,1300.9,24980
721.0,17124,1301.0,24961
721.1,17125,1301.1,24966
721.2,17102,1301.2,24975
721.3,17109,1301.3,24948
721.4,17153,1301.4,24934
721.5,17113,1301.5,24952
721.6,17135,1301.6,24963
721.7,17156,1301.7,24976
721.8,17188,1301.8,25025
721.9,17165,1301.9,24973
722.0,17127,1302.0,24965
722.1,17125,1302.1,24941
722.2,17180,1302.2,24942
722.3,17151,1302.3,24963
722.4,17163,1302.4,24971
722.5,17187,1302.5,24945
722.6,17178,1302.6,24935
722.7,17196,1302.7,24991
722.8,17219,1302.8,24992
722.9,17226,1302.9,24973
723.0,17209,1303.0,24980
723.1,17180,1303.1,24989
723.2,17196,1303.2,25013
723.3,17221,1303.3,24980
723.4,17231,1303.4,24984
723.5,17246,1303.5,25005
723.6,17204,1303.6,25017
723.7,17202,1303.7,24971
723.8,17222,1303.8,24998
723.9,17216,1303.9,25020
724.0,17248,1304.0,25002
724.1,17258,1304.1,24975
724.2,17245,1304.2,25012
724.3,17266,1304.3,25025
724.4,17225,1304.4,24997
724.5,17245,1304.5,24990
724.6,17261,1304.6,24997
724.7,17270,1304.7,24995
724.8,17301,1304.8,25020
724.9,17304,1304.9,25008
725.0,17264,1305.0,25051
725.1,17260,1305.1,25021
725.2,17248,1305.2,25021
725.3,17283,1305.3,24985
725.4,17237,1305.4,25021
725.5,17263,1305.5,25018
725.6,17256,1305.6,25041
725.7,17301,1305.7,25046
725.8,17315,1305.8,25025
725.9,17290,1305.9,25037
726.0,17271,1306.0,25025
726.1,17298,1306.1,25028
726.2,17321,1306.2,25067
726.3,17325,1306.3,25057
726.4,17311,1306.4,25033
726.5,17311,1306.5,25055
726.6,17263,1306.6,25051
726.7,17333,1306.7,25026
726.8,17257,1306.8,25073
726.9,17302,1306.9,25028
727.0,17293,1307.0,25067
727.1,17281,1307.1,25097
727.2,17268,1307.2,25062
727.3,17304,1307.3,25063
727.4,17322,1307.4,25068
727.5,17277,1307.5,25054
727.6,17303,1307.6,25109
727.7,17287,1307.7,25080
727.8,17315,1307.8,25059
727.9,17283,1307.9,25093
728.0,17308,1308.0,25063
728.1,17339,1308.1,25071
728.2,17347,1308.2,25111
728.3,17349,1308.3,25105
728.4,17289,1308.4,25085
728.5,17329,1308.5,25118
728.6,17308,1308.6,25119
728.7,17316,1308.7,25111
728.8,17341,1308.8,25100
728.9,17316,1308.9,25102
729.0,17283,1309.0,25116
729.1,17307,1309.1,25121
729.2,17330,1309.2,25125
729.3,17326,1309.3,25113
729.4,17304,1309.4,25092
729.5,17319,1309.5,25135
729.6,17333,1309.6,25129
729.7,17319,1309.7,25152
729.8,17329,1309.8,25141
729.9,17323,1309.9,25144
730.0,17344,1310.0,25120
730.1,17327,1310.1,25167
730.2,17351,1310.2,25125
730.3,17353,1310.3,25136
730.4,17302,1310.4,25190
730.5,17341,1310.5,25140
730.6,17361,1310.6,25167
730.7,17340,1310.7,25150
730.8,17345,1310.8,25171
730.9,17345,1310.9,25175
731.0,17370,1311.0,25128
731.1,17369,1311.1,25153
731.2,17342,1311.2,25179
731.3,17338,1311.3,25161
731.4,17338,1311.4,25170
731.5,17387,1311.5,25179
731.6,17343,1311.6,25232
731.7,17345,1311.7,25211
731.8,17349,1311.8,25211
731.9,17362,1311.9,25239
732.0,17364,1312.0,25223
732.1,17370,1312.1,25236
732.2,17379,1312.2,25212
732.3,17383,1312.3,25226
732.4,17373,1312.4,25219
732.5,17403,1312.5,25219
732.6,17330,1312.6,25205
732.7,17409,1312.7,25226
732.8,17375,1312.8,25210
732.9,17390,1312.9,25239
733.0,17387,1313.0,25223
733.1,17408,1313.1,25248
733.2,17424,1313.2,25265
733.3,17429,1313.3,25250
733.4,17396,1313.4,25203
733.5,17425,1313.5,25232
733.6,17392,1313.6,25289
733.7,17380,1313.7,25273
733.8,17419,1313.8,25272
733.9,17407,1313.9,25244
734.0,17403,1314.0,25296
734.1,17407,1314.1,25298
734.2,17416,1314.2,25289
734.3,17438,1314.3,25261
734.4,17444,1314.4,25291
734.5,17430,1314.5,25272
734.6,17414,1314.6,25281
734.7,17423,1314.7,25274
734.8,17402,1314.8,25300
734.9,17452,1314.9,25343
735.0,17444,1315.0,25335
735.1,17448,1315.1,25316
735.2,17466,1315.2,25348
735.3,17444,1315.3,25336
735.4,17498,1315.4,25322
735.5,17504,1315.5,25346
735.6,17459,1315.6,25340
735.7,17478,1315.7,25352
735.8,17495,1315.8,25356
735.9,17479,1315.9,25396
736.0,17477,1316.0,25360
736.1,17451,1316.1,25385
736.2,17511,1316.2,25418
736.3,17471,1316.3,25395
736.4,17503,1316.4,25381
736.5,17489,1316.5,25393
736.6,17481,1316.6,25423
736.7,17512,1316.7,25400
736.8,17492,1316.8,25395
736.9,17487,1316.9,25396
737.0,17499,1317.0,25399
737.1,17506,1317.1,25416
737.2,17528,1317.2,25459
737.3,17516,1317.3,25456
737.4,17530,1317.4,25429
737.5,17538,1317.5,25466
737.6,17532,1317.6,25458
737.7,17520,1317.7,25443
737.8,17519,1317.8,25459
737.9,17521,1317.9,25468
738.0,17561,1318.0,25440
738.1,17549,1318.1,25466
738.2,17533,1318.2,25464
738.3,17529,1318.3,25501
738.4,17574,1318.4,25499
738.5,17576,1318.5,25474
738.6,17519,1318.6,25458
738.7,17567,1318.7,25502
738.8,17593,1318.8,25508
738.9,17569,1318.9,25511
739.0,17582,1319.0,25512
739.1,17611,1319.1,25504
739.2,17587,1319.2,25517
739.3,17599,1319.3,25533
739.4,17606,1319.4,25516
739.5,17569,1319.5,25527
739.6,17609,1319.6,25524
739.7,17613,1319.7,25524
739.8,17641,1319.8,25522
739.9,17620,1319.9,25527
740.0,17636,1320.0,25544
740.1,17613,1320.1,25561
740.2,17620,1320.2,25574
740.3,17617,1320.3,25558
740.4,17628,1320.4,25567
740.5,17651,1320.5,25548
740.6,17651,1320.6,25568
740.7,17645,1320.7,25574
740.8,17630,1320.8,25610
740.9,17652,1320.9,25566
741.0,17643,1321.0,25583
741.1,17709,1321.1,25579
741.2,17670,1321.2,25565
741.3,17690,1321.3,25571
741.4,17641,1321.4,25584
741.5,17683,1321.5,25581
741.6,17666,1321.6,25591
741.7,17695,1321.7,25607
741.8,17704,1321.8,25612
741.9,17649,1321.9,25588
742.0,17682,1322.0,25613
742.1,17724,1322.1,25626
742.2,17702,1322.2,25617
742.3,17698,1322.3,25592
742.4,17640,1322.4,25602
742.5,17673,1322.5,25628
742.6,17723,1322.6,25622
742.7,17711,1322.7,25631
742.8,17702,1322.8,25604
742.9,17748,1322.9,25636
743.0,17756,1323.0,25615
743.1,17737,1323.1,25612
743.2,17690,1323.2,25624
743.3,17716,1323.3,25615
743.4,17770,1323.4,25621
743.5,17765,1323.5,25619
743.6,17769,1323.6,25600
743.7,17763,1323.7,25655
743.8,17755,1323.8,25637
743.9,17775,1323.9,25622
744.0,17729,1324.0,25623
744.1,17738,1324.1,25647
744.2,17774,1324.2,25645
744.3,17759,1324.3,25656
744.4,17749,1324.4,25622
744.5,17763,1324.5,25648
744.6,17795,1324.6,25644
744.7,17771,1324.7,25640
744.8,17804,1324.8,25673
744.9,17833,1324.9,25636
745.0,17826,1325.0,25636
745.1,17792,1325.1,25641
745.2,17842,1325.2,25670
745.3,17820,1325.3,25663
745.4,17789,1325.4,25680
745.5,17805,1325.5,25634
745.6,17821,1325.6,25653
745.7,17817,1325.7,25672
745.8,17827,1325.8,25669
745.9,17818,1325.9,25636
746.0,17877,1326.0,25679
746.1,17844,1326.1,25641
746.2,17857,1326.2,25685
746.3,17863,1326.3,25678
746.4,17850,1326.4,25715
746.5,17865,1326.5,25657
746.6,17821,1326.6,25619
746.7,17848,1326.7,25643
746.8,17833,1326.8,25673
746.9,17819,1326.9,25634
747.0,17857,1327.0,25628
747.1,17853,1327.1,25689
747.2,17880,1327.2,25713
747.3,17897,1327.3,25699
747.4,17913,1327.4,25685
747.5,17882,1327.5,25688
747.6,17916,1327.6,25684
747.7,17918,1327.7,25714
747.8,17898,1327.8,25679
747.9,17948,1327.9,25699
748.0,17900,1328.0,25751
748.1,17907,1328.1,25667
748.2,17926,1328.2,25714
748.3,17969,1328.3,25695
748.4,17936,1328.4,25746
748.5,17962,1328.5,25742
748.6,17943,1328.6,25705
748.7,17998,1328.7,25759
748.8,17937,1328.8,25759
748.9,17910,1328.9,25745
749.0,17954,1329.0,25727
749.1,17967,1329.1,25734
749.2,17962,1329.2,25710
749.3,17964,1329.3,25755
749.4,17988,1329.4,25753
749.5,17950,1329.5,25763
749.6,17974,1329.6,25759
749.7,17936,1329.7,25776
749.8,17960,1329.8,25784
749.9,17984,1329.9,25830
750.0,17985,1330.0,25799
750.1,17991,1330.1,25832
750.2,18011,1330.2,25816
750.3,17979,1330.3,25812
750.4,18006,1330.4,25793
750.5,18015,1330.5,25837
750.6,18018,1330.6,25846
750.7,17991,1330.7,25826
750.8,18022,1330.8,25829
750.9,18064,1330.9,25833
751.0,17999,1331.0,25855
751.1,18037,1331.1,25885
751.2,18003,1331.2,25906
751.3,18000,1331.3,25922
751.4,18027,1331.4,25890
751.5,17984,1331.5,25925
751.6,18016,1331.6,25897
751.7,18014,1331.7,25918
751.8,18052,1331.8,25936
751.9,18040,1331.9,25965
752.0,18082,1332.0,26021
752.1,18050,1332.1,26002
752.2,18044,1332.2,26003
752.3,18015,1332.3,26012
752.4,18024,1332.4,26012
752.5,18015,1332.5,26032
752.6,18034,1332.6,26040
752.7,18056,1332.7,26045
752.8,18077,1332.8,26088
752.9,18085,1332.9,26122
753.0,18074,1333.0,26094
753.1,18062,1333.1,26110
753.2,18104,1333.2,26152
753.3,18062,1333.3,26142
753.4,18082,1333.4,26132
753.5,18091,1333.5,26177
753.6,18106,1333.6,26202
753.7,18104,1333.7,26195
753.8,18076,1333.8,26203
753.9,18154,1333.9,26217
754.0,18126,1334.0,26233
754.1,18125,1334.1,26236
754.2,18117,1334.2,26254
754.3,18120,1334.3,26292
754.4,18110,1334.4,26310
754.5,18120,1334.5,26296
754.6,18102,1334.6,26286
754.7,18090,1334.7,26319
754.8,18081,1334.8,26320
754.9,18104,1334.9,26335
755.0,18093,1335.0,26309
755.1,18131,1335.1,26308
755.2,18123,1335.2,26292
755.3,18157,1335.3,26349
755.4,18146,1335.4,26324
755.5,18118,1335.5,26345
755.6,18128,1335.6,26342
755.7,18104,1335.7,26387
755.8,18128,1335.8,26345
755.9,18138,1335.9,26337
756.0,18107,1336.0,26346
756.1,18137,1336.1,26383
756.2,18138,1336.2,26352
756.3,18137,1336.3,26340
756.4,18188,1336.4,26337
756.5,18151,1336.5,26319
756.6,18153,1336.6,26314
756.7,18155,1336.7,26316
756.8,18183,1336.8,26340
756.9,18140,1336.9,26309
757.0,18146,1337.0,26327
757.1,18131,1337.1,26292
757.2,18130,1337.2,26305
757.3,18162,1337.3,26336
757.4,18147,1337.4,26320
757.5,18138,1337.5,26296
757.6,18185,1337.6,26302
757.7,18156,1337.7,26306
757.8,18184,1337.8,26271
757.9,18164,1337.9,26256
758.0,18170,1338.0,26265
758.1,18213,1338.1,26246
758.2,18208,1338.2,26253
758.3,18205,1338.3,26237
758.4,18190,1338.4,26213
758.5,18225,1338.5,26172
758.6,18208,1338.6,26233
758.7,18180,1338.7,26201
758.8,18236,1338.8,26175
758.9,18220,1338.9,26176
759.0,18243,1339.0,26116
759.1,18253,1339.1,26126
759.2,18239,1339.2,26109
759.3,18290,1339.3,26121
759.4,18255,1339.4,26092
759.5,18252,1339.5,26073
759.6,18280,1339.6,26078
759.7,18233,1339.7,26071
759.8,18273,1339.8,26046
759.9,18238,1339.9,26078
760.0,18313,1340.0,26012
760.1,18274,1340.1,26023
760.2,18312,1340.2,26020
760.3,18286,1340.3,26016
760.4,18289,1340.4,25989
760.5,18267,1340.5,25979
760.6,18294,1340.6,25977
760.7,18285,1340.7,25996
760.8,18297,1340.8,25975
760.9,18281,1340.9,25965
761.0,18308,1341.0,25920
761.1,18321,1341.1,25921
761.2,18319,1341.2,25887
761.3,18310,1341.3,25877
761.4,18289,1341.4,25881
761.5,18305,1341.5,25887
761.6,18320,1341.6,25897
761.7,18313,1341.7,25909
761.8,18321,1341.8,25884
761.9,18293,1341.9,25882
762.0,18312,1342.0,25890
762.1,18287,1342.1,25881
762.2,18332,1342.2,25890
762.3,18366,1342.3,25836
762.4,18344,1342.4,25887
762.5,18326,1342.5,25865
762.6,18295,1342.6,25858
762.7,18307,1342.7,25866
762.8,18308,1342.8,25837
762.9,18300,1342.9,25831
763.0,18306,1343.0,25820
763.1,18290,1343.1,25856
763.2,18292,1343.2,25847
763.3,18262,1343.3,25829
763.4,18287,1343.4,25827
763.5,18314,1343.5,25822
763.6,18341,1343.6,25803
763.7,18314,1343.7,25821
763.8,18296,1343.8,25803
763.9,18261,1343.9,25770
764.0,18286,1344.0,25804
764.1,18261,1344.1,25794
764.2,18248,1344.2,25844
764.3,18265,1344.3,25851
764.4,18222,1344.4,25850
764.5,18286,1344.5,25801
764.6,18262,1344.6,25805
764.7,18247,1344.7,25804
764.8,18237,1344.8,25820
764.9,18218,1344.9,25810
765.0,18248,1345.0,25819
765.1,18242,1345.1,25801
765.2,18252,1345.2,25825
765.3,18212,1345.3,25810
765.4,18247,1345.4,25821
765.5,18232,1345.5,25832
765.6,18265,1345.6,25781
765.7,18246,1345.7,25808
765.8,18245,1345.8,25847
765.9,18212,1345.9,25828
766.0,18272,1346.0,25804
766.1,18243,1346.1,25809
766.2,18221,1346.2,25817
766.3,18250,1346.3,25809
766.4,18253,1346.4,25818
766.5,18231,1346.5,25840
766.6,18248,1346.6,25836
766.7,18249,1346.7,25829
766.8,18253,1346.8,25862
766.9,18209,1346.9,25859
767.0,18230,1347.0,25835
767.1,18257,1347.1,25836
767.2,18214,1347.2,25849
767.3,18226,1347.3,25870
767.4,18198,1347.4,25870
767.5,18230,1347.5,25867
767.6,18261,1347.6,25897
767.7,18215,1347.7,25895
767.8,18256,1347.8,25896
767.9,18235,1347.9,25934
768.0,18218,1348.0,25931
768.1,18227,1348.1,25937
768.2,18251,1348.2,25940
768.3,18230,1348.3,25952
768.4,18217,1348.4,25951
768.5,18242,1348.5,25951
768.6,18190,1348.6,25952
768.7,18190,1348.7,25962
768.8,18184,1348.8,25974
768.9,18201,1348.9,25984
769.0,18220,1349.0,25986
769.1,18195,1349.1,26027
769.2,18214,1349.2,26011
769.3,18202,1349.3,26016
769.4,18225,1349.4,25990
769.5,18225,1349.5,26023
769.6,18186,1349.6,26029
769.7,18216,1349.7,26057
769.8,18193,1349.8,26057
769.9,18199,1349.9,26073
770.0,18194,1350.0,26102
770.1,18180,1350.1,26089
770.2,18122,1350.2,26096
770.3,18137,1350.3,26088
770.4,18124,1350.4,26102
770.5,18176,1350.5,26080
770.6,18151,1350.6,26111
770.7,18106,1350.7,26144
770.8,18053,1350.8,26105
770.9,18067,1350.9,26124
771.0,18044,1351.0,26137
771.1,18132,1351.1,26134
771.2,18131,1351.2,26123
771.3,18052,1351.3,26125
771.4,18061,1351.4,26118
771.5,18066,1351.5,26145
771.6,18024,1351.6,26137
771.7,18011,1351.7,26146
771.8,18024,1351.8,26156
771.9,18002,1351.9,26167
772.0,17985,1352.0,26143
772.1,17991,1352.1,26140
772.2,18001,1352.2,26144
772.3,17960,1352.3,26166
772.4,17941,1352.4,26181
772.5,17959,1352.5,26131
772.6,17936,1352.6,26149
772.7,17921,1352.7,26169
772.8,17885,1352.8,26200
772.9,17919,1352.9,26202
773.0,17894,1353.0,26174
773.1,17921,1353.1,26177
773.2,17904,1353.2,26176
773.3,17864,1353.3,26202
773.4,17885,1353.4,26158
773.5,17867,1353.5,26164
773.6,17834,1353.6,26199
773.7,17829,1353.7,26213
773.8,17797,1353.8,26184
773.9,17834,1353.9,26174
774.0,17774,1354.0,26184
774.1,17823,1354.1,26162
774.2,17770,1354.2,26182
774.3,17769,1354.3,26211
774.4,17773,1354.4,26210
774.5,17764,1354.5,26199
774.6,17767,1354.6,26148
774.7,17745,1354.7,26212
774.8,17789,1354.8,26184
774.9,17725,1354.9,26163
775.0,17742,1355.0,26171
775.1,17782,1355.1,26182
775.2,17753,1355.2,26202
775.3,17751,1355.3,26183
775.4,17723,1355.4,26164
775.5,17724,1355.5,26179
775.6,17714,1355.6,26171
775.7,17750,1355.7,26183
775.8,17736,1355.8,26181
775.9,17720,1355.9,26183
776.0,17704,1356.0,26180
776.1,17697,1356.1,26211
776.2,17685,1356.2,26175
776.3,17727,1356.3,26192
776.4,17695,1356.4,26171
776.5,17690,1356.5,26182
776.6,17704,1356.6,26224
776.7,17703,1356.7,26214
776.8,17690,1356.8,26189
776.9,17711,1356.9,26200
777.0,17708,1357.0,26201
777.1,17643,1357.1,26178
777.2,17668,1357.2,26191
777.3,17711,1357.3,26163
777.4,17656,1357.4,26191
777.5,17701,1357.5,26190
777.6,17719,1357.6,26184
777.7,17684,1357.7,26193
777.8,17672,1357.8,26184
777.9,17681,1357.9,26213
778.0,17635,1358.0,26181
778.1,17669,1358.1,26186
778.2,17693,1358.2,26211
778.3,17689,1358.3,26199
778.4,17644,1358.4,26201
778.5,17663,1358.5,26198
778.6,17683,1358.6,26208
778.7,17698,1358.7,26187
778.8,17688,1358.8,26203
778.9,17706,1358.9,26198
779.0,17709,1359.0,26216
779.1,17692,1359.1,26218
779.2,17704,1359.2,26193
779.3,17674,1359.3,26202
779.4,17685,1359.4,26181
779.5,17672,1359.5,26185
779.6,17692,1359.6,26208
779.7,17694,1359.7,26196
779.8,17695,1359.8,26191
779.9,17726,1359.9,26216
780.0,17725,1360.0,26211
780.1,17688,1360.1,26188
780.2,17651,1360.2,26227
780.3,17688,1360.3,26184
780.4,17723,1360.4,26174
780.5,17703,1360.5,26253
780.6,17676,1360.6,26223
780.7,17701,1360.7,26219
780.8,17687,1360.8,26225
780.9,17672,1360.9,26201
781.0,17703,1361.0,26168
781.1,17724,1361.1,26213
781.2,17715,1361.2,26222
781.3,17711,1361.3,26194
781.4,17700,1361.4,26204
781.5,17715,1361.5,26189
781.6,17703,1361.6,26250
781.7,17701,1361.7,26228
781.8,17714,1361.8,26229
781.9,17694,1361.9,26246
782.0,17701,1362.0,26244
782.1,17710,1362.1,26286
782.2,17695,1362.2,26247
782.3,17653,1362.3,26228
782.4,17683,1362.4,26240
782.5,17669,1362.5,26238
782.6,17690,1362.6,26267
782.7,17721,1362.7,26264
782.8,17727,1362.8,26253
782.9,17727,1362.9,26295
783.0,17688,1363.0,26274
783.1,17694,1363.1,26280
783.2,17701,1363.2,26276
783.3,17688,1363.3,26304
783.4,17734,1363.4,26319
783.5,17710,1363.5,26325
783.6,17729,1363.6,26333
783.7,17727,1363.7,26324
783.8,17670,1363.8,26278
783.9,17740,1363.9,26299
784.0,17750,1364.0,26329
784.1,17722,1364.1,26353
784.2,17726,1364.2,26319
784.3,17721,1364.3,26288
784.4,17755,1364.4,26306
784.5,17730,1364.5,26364
784.6,17745,1364.6,26348
784.7,17725,1364.7,26346
784.8,17728,1364.8,26356
784.9,17750,1364.9,26384
785.0,17754,1365.0,26382
785.1,17745,1365.1,26376
785.2,17743,1365.2,26385
785.3,17746,1365.3,26381
785.4,17713,1365.4,26366
785.5,17746,1365.5,26385
785.6,17720,1365.6,26396
785.7,17740,1365.7,26415
785.8,17764,1365.8,26410
785.9,17724,1365.9,26413
786.0,17759,1366.0,26430
786.1,17770,1366.1,26448
786.2,17744,1366.2,26466
786.3,17734,1366.3,26464
786.4,17759,1366.4,26417
786.5,17797,1366.5,26434
786.6,17797,1366.6,26469
786.7,17775,1366.7,26465
786.8,17776,1366.8,26485
786.9,17762,1366.9,26486
787.0,17756,1367.0,26490
787.1,17726,1367.1,26496
787.2,17732,1367.2,26474
787.3,17738,1367.3,26518
787.4,17736,1367.4,26511
787.5,17783,1367.5,26503
787.6,17798,1367.6,26521
787.7,17771,1367.7,26545
787.8,17786,1367.8,26533
787.9,17793,1367.9,26562
788.0,17755,1368.0,26532
788.1,17788,1368.1,26571
788.2,17774,1368.2,26591
788.3,17748,1368.3,26594
788.4,17786,1368.4,26598
788.5,17794,1368.5,26595
788.6,17767,1368.6,26606
788.7,17796,1368.7,26642
788.8,17758,1368.8,26679
788.9,17818,1368.9,26642
789.0,17810,1369.0,26640
789.1,17804,1369.1,26642
789.2,17823,1369.2,26631
789.3,17832,1369.3,26666
789.4,17826,1369.4,26659
789.5,17812,1369.5,26686
789.6,17762,1369.6,26689
789.7,17799,1369.7,26702
789.8,17816,1369.8,26687
789.9,17821,1369.9,26690
790.0,17816,1370.0,26739
790.1,17752,1370.1,26756
790.2,17795,1370.2,26765
790.3,17829,1370.3,26736
790.4,17817,1370.4,26767
790.5,17823,1370.5,26768
790.6,17849,1370.6,26760
790.7,17881,1370.7,26766
790.8,17848,1370.8,26804
790.9,17808,1370.9,26795
791.0,17811,1371.0,26799
791.1,17805,1371.1,26838
791.2,17825,1371.2,26832
791.3,17853,1371.3,26848
791.4,17824,1371.4,26800
791.5,17822,1371.5,26813
791.6,17824,1371.6,26820
791.7,17832,1371.7,26860
791.8,17873,1371.8,26832
791.9,17848,1371.9,26857
792.0,17877,1372.0,26810
792.1,17835,1372.1,26809
792.2,17875,1372.2,26832
792.3,17865,1372.3,26811
792.4,17868,1372.4,26874
792.5,17858,1372.5,26911
792.6,17860,1372.6,26873
792.7,17853,1372.7,26824
792.8,17890,1372.8,26830
792.9,17878,1372.9,26838
793.0,17844,1373.0,26858
793.1,17861,1373.1,26835
793.2,17879,1373.2,26807
793.3,17835,1373.3,26808
793.4,17866,1373.4,26836
793.5,17876,1373.5,26888
793.6,17843,1373.6,26863
793.7,17863,1373.7,26838
793.8,17914,1373.8,26829
793.9,17887,1373.9,26857
794.0,17879,1374.0,26832
794.1,17902,1374.1,26806
794.2,17875,1374.2,26854
794.3,17888,1374.3,26824
794.4,17844,1374.4,26821
794.5,17868,1374.5,26841
794.6,17879,1374.6,26826
794.7,17859,1374.7,26818
794.8,17852,1374.8,26820
794.9,17864,1374.9,26767
795.0,17812,1375.0,26797
795.1,17827,1375.1,26809
795.2,17860,1375.2,26778
795.3,17849,1375.3,26790
795.4,17829,1375.4,26778
795.5,17884,1375.5,26768
795.6,17874,1375.6,26791
795.7,17906,1375.7,26758
795.8,17868,1375.8,26732
795.9,17865,1375.9,26729
796.0,17862,1376.0,26723
796.1,17852,1376.1,26690
796.2,17867,1376.2,26708
796.3,17869,1376.3,26704
796.4,17894,1376.4,26698
796.5,17861,1376.5,26710
796.6,17876,1376.6,26710
796.7,17895,1376.7,26737
796.8,17856,1376.8,26701
796.9,17882,1376.9,26697
797.0,17888,1377.0,26706
797.1,17872,1377.1,26715
797.2,17890,1377.2,26671
797.3,17896,1377.3,26659
797.4,17884,1377.4,26703
797.5,17898,1377.5,26678
797.6,17907,1377.6,26695
797.7,17894,1377.7,26661
797.8,17885,1377.8,26690
797.9,17891,1377.9,26721
798.0,17915,1378.0,26672
798.1,17873,1378.1,26635
798.2,17855,1378.2,26659
798.3,17911,1378.3,26663
798.4,17929,1378.4,26703
798.5,17904,1378.5,26699
798.6,17887,1378.6,26656
798.7,17929,1378.7,26652
798.8,17920,1378.8,26729
798.9,17924,1378.9,26699
799.0,17869,1379.0,26673
799.1,17912,1379.1,26649
799.2,17885,1379.2,26714
799.3,17948,1379.3,26698
799.4,17940,1379.4,26708
799.5,17932,1379.5,26716
799.6,17939,1379.6,26692
799.7,17921,1379.7,26712
799.8,17917,1379.8,26715
799.9,17935,1379.9,26718
800.0,17939,1380.0,26710
800.1,17951,1380.1,26721
800.2,17962,1380.2,26749
800.3,17966,1380.3,26732
800.4,17954,1380.4,26743
800.5,17939,1380.5,26728
800.6,18000,1380.6,26745
800.7,17999,1380.7,26758
800.8,17966,1380.8,26765
800.9,17976,1380.9,26764
801.0,17974,1381.0,26774
801.1,18005,1381.1,26808
801.2,18017,1381.2,26759
801.3,18011,1381.3,26787
801.4,17979,1381.4,26786
801.5,18006,1381.5,26785
801.6,17977,1381.6,26835
801.7,18013,1381.7,26822
801.8,18014,1381.8,26837
801.9,18007,1381.9,26871
802.0,18046,1382.0,26863
802.1,18009,1382.1,26845
802.2,18015,1382.2,26888
802.3,18037,1382.3,26906
802.4,18075,1382.4,26908
802.5,18036,1382.5,26910
802.6,18058,1382.6,26932
802.7,18057,1382.7,26911
802.8,18067,1382.8,26940
802.9,18063,1382.9,26934
803.0,18067,1383.0,26988
803.1,18025,1383.1,26986
803.2,18067,1383.2,27010
803.3,18047,1383.3,27033
803.4,18055,1383.4,27119
803.5,18070,1383.5,27140
803.6,18077,1383.6,27127
803.7,18101,1383.7,27149
803.8,18120,1383.8,27158
803.9,18078,1383.9,27177
804.0,18081,1384.0,27214
804.1,18099,1384.1,27247
804.2,18088,1384.2,27259
804.3,18112,1384.3,27318
804.4,18120,1384.4,27344
804.5,18122,1384.5,27365
804.6,18130,1384.6,27437
804.7,18125,1384.7,27474
804.8,18155,1384.8,27507
804.9,18116,1384.9,27531
805.0,18126,1385.0,27573
805.1,18147,1385.1,27601
805.2,18150,1385.2,27610
805.3,18130,1385.3,27658
805.4,18135,1385.4,27705
805.5,18145,1385.5,27742
805.6,18129,1385.6,27789
805.7,18180,1385.7,27813
805.8,18173,1385.8,27826
805.9,18177,1385.9,27842
806.0,18185,1386.0,27904
806.1,18147,1386.1,27902
806.2,18183,1386.2,27884
806.3,18195,1386.3,27897
806.4,18186,1386.4,27891
806.5,18192,1386.5,27930
806.6,18198,1386.6,27911
806.7,18192,1386.7,27920
806.8,18157,1386.8,27926
806.9,18194,1386.9,27919
807.0,18184,1387.0,27967
807.1,18213,1387.1,27936
807.2,18268,1387.2,27916
807.3,18248,1387.3,27923
807.4,18241,1387.4,27940
807.5,18234,1387.5,27891
807.6,18229,1387.6,27886
807.7,18224,1387.7,27863
807.8,18252,1387.8,27845
807.9,18248,1387.9,27832
808.0,18210,1388.0,27800
808.1,18271,1388.1,27792
808.2,18290,1388.2,27754
808.3,18267,1388.3,27740
808.4,18283,1388.4,27704
808.5,18306,1388.5,27695
808.6,18338,1388.6,27687
808.7,18310,1388.7,27667
808.8,18267,1388.8,27650
808.9,18303,1388.9,27581
809.0,18337,1389.0,27563
809.1,18294,1389.1,27489
809.2,18305,1389.2,27506
809.3,18325,1389.3,27424
809.4,18339,1389.4,27369
809.5,18301,1389.5,27333
809.6,18326,1389.6,27347
809.7,18320,1389.7,27283
809.8,18327,1389.8,27223
809.9,18316,1389.9,27199
810.0,18332,1390.0,27135
810.1,18346,1390.1,27078
810.2,18309,1390.2,27058
810.3,18325,1390.3,26999
810.4,18366,1390.4,26914
810.5,18408,1390.5,26850
810.6,18377,1390.6,26764
810.7,18385,1390.7,26710
810.8,18368,1390.8,26674
810.9,18373,1390.9,26637
811.0,18379,1391.0,26546
811.1,18338,1391.1,26491
811.2,18395,1391.2,26390
811.3,18405,1391.3,26327
811.4,18411,1391.4,26295
811.5,18415,1391.5,26220
811.6,18410,1391.6,26169
811.7,18442,1391.7,26129
811.8,18426,1391.8,26081
811.9,18436,1391.9,26015
812.0,18412,1392.0,25945
812.1,18401,1392.1,25932
812.2,18423,1392.2,25855
812.3,18432,1392.3,25836
812.4,18449,1392.4,25776
812.5,18444,1392.5,25743
812.6,18429,1392.6,25674
812.7,18437,1392.7,25693
812.8,18484,1392.8,25656
812.9,18491,1392.9,25570
813.0,18475,1393.0,25543
813.1,18490,1393.1,25529
813.2,18506,1393.2,25483
813.3,18500,1393.3,25412
813.4,18525,1393.4,25404
813.5,18525,1393.5,25383
813.6,18511,1393.6,25349
813.7,18494,1393.7,25329
813.8,18535,1393.8,25305
813.9,18519,1393.9,25262
814.0,18533,1394.0,25235
814.1,18529,1394.1,25218
814.2,18524,1394.2,25257
814.3,18544,1394.3,25193
814.4,18535,1394.4,25122
814.5,18532,1394.5,25126
814.6,18531,1394.6,25078
814.7,18568,1394.7,25064
814.8,18557,1394.8,25058
814.9,18610,1394.9,25052
815.0,18554,1395.0,25022
815.1,18546,1395.1,25004
815.2,18600,1395.2,24996
815.3,18584,1395.3,24982
815.4,18581,1395.4,24944
815.5,18590,1395.5,24960
815.6,18614,1395.6,24938
815.7,18629,1395.7,24920
815.8,18646,1395.8,24911
815.9,18626,1395.9,24914
816.0,18624,1396.0,24911
816.1,18634,1396.1,24889
816.2,18623,1396.2,24887
816.3,18647,1396.3,24873
816.4,18632,1396.4,24891
816.5,18646,1396.5,24843
816.6,18637,1396.6,24824
816.7,18640,1396.7,24806
816.8,18623,1396.8,24830
816.9,18663,1396.9,24811
817.0,18649,1397.0,24793
817.1,18611,1397.1,24811
817.2,18651,1397.2,24777
817.3,18671,1397.3,24782
817.4,18647,1397.4,24786
817.5,18681,1397.5,24797
817.6,18698,1397.6,24756
817.7,18682,1397.7,24754
817.8,18690,1397.8,24717
817.9,18710,1397.9,24721
818.0,18670,1398.0,24731
818.1,18708,1398.1,24741
818.2,18677,1398.2,24739
818.3,18672,1398.3,24779
818.4,18691,1398.4,24726
818.5,18707,1398.5,24701
818.6,18739,1398.6,24749
818.7,18740,1398.7,24750
818.8,18709,1398.8,24729
818.9,18726,1398.9,24681
819.0,18743,1399.0,24695
819.1,18770,1399.1,24691
819.2,18783,1399.2,24717
819.3,18727,1399.3,24703
819.4,18749,1399.4,24700
819.5,18730,1399.5,24708
819.6,18751,1399.6,24743
819.7,18746,1399.7,24701
819.8,18757,1399.8,24673
819.9,18756,1399.9,24734
820.0,18737,1400.0,24744
820.1,18739,1400.1,24711
820.2,18770,1400.2,24677
820.3,18812,1400.3,24738
820.4,18769,1400.4,24727
820.5,18817,1400.5,24694
820.6,18783,1400.6,24708
820.7,18804,1400.7,24711
820.8,18802,1400.8,24705
820.9,18788,1400.9,24735
821.0,18784,1401.0,24710
821.1,18840,1401.1,24720
821.2,18787,1401.2,24720
821.3,18821,1401.3,24669
821.4,18854,1401.4,24683
821.5,18826,1401.5,24700
821.6,18832,1401.6,24718
821.7,18813,1401.7,24729
821.8,18819,1401.8,24714
821.9,18851,1401.9,24705
822.0,18849,1402.0,24702
822.1,18841,1402.1,24685
822.2,18906,1402.2,24685
822.3,18882,1402.3,24703
822.4,18885,1402.4,24697
822.5,18895,1402.5,24731
822.6,18902,1402.6,24718
822.7,18906,1402.7,24724
822.8,18915,1402.8,24714
822.9,18886,1402.9,24735
823.0,18904,1403.0,24730
823.1,18902,1403.1,24735
823.2,18902,1403.2,24689
823.3,18916,1403.3,24726
823.4,18938,1403.4,24721
823.5,18924,1403.5,24722
823.6,18949,1403.6,24772
823.7,18923,1403.7,24755
823.8,18949,1403.8,24714
823.9,18925,1403.9,24758
824.0,18945,1404.0,24727
824.1,18919,1404.1,24721
824.2,18968,1404.2,24732
824.3,18968,1404.3,24760
824.4,18963,1404.4,24766
824.5,19017,1404.5,24739
824.6,19011,1404.6,24750
824.7,19012,1404.7,24750
824.8,19031,1404.8,24745
824.9,19019,1404.9,24781
825.0,18995,1405.0,24756
825.1,19019,1405.1,24735
825.2,19015,1405.2,24752
825.3,19020,1405.3,24753
825.4,19005,1405.4,24752
825.5,19017,1405.5,24774
825.6,19045,1405.6,24769
825.7,19020,1405.7,24761
825.8,19028,1405.8,24762
825.9,19049,1405.9,24761
826.0,19059,1406.0,24761
826.1,19063,1406.1,24772
826.2,19097,1406.2,24782
826.3,19031,1406.3,24787
826.4,19049,1406.4,24784
826.5,19075,1406.5,24754
826.6,19070,1406.6,24771
826.7,19069,1406.7,24766
826.8,19093,1406.8,24777
826.9,19081,1406.9,24766
827.0,19090,1407.0,24777
827.1,19058,1407.1,24785
827.2,19085,1407.2,24739
827.3,19043,1407.3,24773
827.4,19048,1407.4,24810
827.5,19126,1407.5,24797
827.6,19126,1407.6,24787
827.7,19116,1407.7,24764
827.8,19118,1407.8,24790
827.9,19146,1407.9,24808
828.0,19114,1408.0,24814
828.1,19099,1408.1,24789
828.2,19117,1408.2,24792
828.3,19094,1408.3,24769
828.4,19091,1408.4,24788
828.5,19125,1408.5,24802
828.6,19099,1408.6,24820
828.7,19125,1408.7,24824
828.8,19138,1408.8,24805
828.9,19139,1408.9,24832
829.0,19142,1409.0,24834
829.1,19104,1409.1,24845
829.2,19124,1409.2,24798
829.3,19128,1409.3,24817
829.4,19177,1409.4,24815
829.5,19184,1409.5,24831
829.6,19175,1409.6,24831
829.7,19186,1409.7,24813
829.8,19191,1409.8,24855
829.9,19208,1409.9,24831
830.0,19229,1410.0,24834
830.1,19147,1410.1,24851
830.2,19176,1410.2,24819
830.3,19223,1410.3,24824
830.4,19199,1410.4,24827
830.5,19238,1410.5,24840
830.6,19238,1410.6,24845
830.7,19248,1410.7,24828
830.8,19261,1410.8,24839
830.9,19246,1410.9,24792
831.0,19292,1411.0,24879
831.1,19301,1411.1,24849
831.2,19318,1411.2,24832
831.3,19318,1411.3,24824
831.4,19348,1411.4,24901
831.5,19327,1411.5,24863
831.6,19357,1411.6,24858
831.7,19367,1411.7,24840
831.8,19360,1411.8,24829
831.9,19403,1411.9,24876
832.0,19416,1412.0,24854
832.1,19407,1412.1,24853
832.2,19416,1412.2,24897
832.3,19431,1412.3,24887
832.4,19420,1412.4,24865
832.5,19430,1412.5,24886
832.6,19511,1412.6,24854
832.7,19497,1412.7,24883
832.8,19462,1412.8,24891
832.9,19450,1412.9,24878
833.0,19489,1413.0,24871
833.1,19521,1413.1,24868
833.2,19452,1413.2,24885
833.3,19476,1413.3,24877
833.4,19495,1413.4,24865
833.5,19507,1413.5,24893
833.6,19482,1413.6,24893
833.7,19481,1413.7,24926
833.8,19461,1413.8,24905
833.9,19515,1413.9,24891
834.0,19502,1414.0,24905
834.1,19488,1414.1,24903
834.2,19487,1414.2,24949
834.3,19494,1414.3,24914
834.4,19501,1414.4,24958
834.5,19436,1414.5,24936
834.6,19446,1414.6,24923
834.7,19420,1414.7,24943
834.8,19417,1414.8,24935
834.9,19404,1414.9,24938
835.0,19401,1415.0,24903
835.1,19405,1415.1,24932
835.2,19362,1415.2,24938
835.3,19374,1415.3,24964
835.4,19338,1415.4,24943
835.5,19327,1415.5,24962
835.6,19308,1415.6,24958
835.7,19283,1415.7,24955
835.8,19281,1415.8,24936
835.9,19259,1415.9,24939
836.0,19250,1416.0,24945
836.1,19174,1416.1,24973
836.2,19211,1416.2,24937
836.3,19196,1416.3,24951
836.4,19169,1416.4,24954
836.5,19154,1416.5,24951
836.6,19143,1416.6,24938
836.7,19130,1416.7,24932
836.8,19093,1416.8,24961
836.9,19046,1416.9,24925
837.0,19064,1417.0,24923
837.1,19069,1417.1,24915
837.2,19089,1417.2,24963
837.3,19038,1417.3,24992
837.4,19029,1417.4,24995
837.5,19045,1417.5,24974
837.6,18985,1417.6,24984
837.7,18974,1417.7,24977
837.8,19001,1417.8,25003
837.9,18954,1417.9,25016
838.0,18938,1418.0,24993
838.1,18984,1418.1,24979
838.2,18931,1418.2,24959
838.3,18916,1418.3,24993
838.4,18938,1418.4,25024
838.5,18943,1418.5,25000
838.6,18955,1418.6,24964
838.7,18912,1418.7,24983
838.8,18961,1418.8,24989
838.9,18931,1418.9,25006
839.0,18940,1419.0,25019
839.1,18920,1419.1,25033
839.2,18887,1419.2,25024
839.3,18898,1419.3,25010
839.4,18885,1419.4,25029
839.5,18872,1419.5,25019
839.6,18920,1419.6,24997
839.7,18900,1419.7,25011
839.8,18894,1419.8,25036
839.9,18897,1419.9,25019
840.0,18920,1420.0,25015
840.1,18920,1420.1,25010
840.2,18877,1420.2,25028
840.3,18902,1420.3,25001
840.4,18868,1420.4,25015
840.5,18882,1420.5,25049
840.6,18875,1420.6,25045
840.7,18921,1420.7,25056
840.8,18904,1420.8,25057
840.9,18894,1420.9,25040
841.0,18966,1421.0,25041
841.1,18905,1421.1,25041
841.2,18884,1421.2,25016
841.3,18866,1421.3,25058
841.4,18903,1421.4,25058
841.5,18892,1421.5,25038
841.6,18909,1421.6,25066
841.7,18876,1421.7,25111
841.8,18864,1421.8,25101
841.9,18866,1421.9,25056
842.0,18848,1422.0,25035
842.1,18840,1422.1,25060
842.2,18862,1422.2,25055
842.3,18836,1422.3,25058
842.4,18808,1422.4,25076
842.5,18761,1422.5,25104
842.6,18805,1422.6,25068
842.7,18779,1422.7,25082
842.8,18779,1422.8,25099
842.9,18777,1422.9,25083
843.0,18770,1423.0,25051
843.1,18747,1423.1,25062
843.2,18705,1423.2,25087
843.3,18690,1423.3,25083
843.4,18655,1423.4,25077
843.5,18651,1423.5,25083
843.6,18666,1423.6,25109
843.7,18658,1423.7,25108
843.8,18644,1423.8,25109
843.9,18616,1423.9,25140
844.0,18588,1424.0,25122
844.1,18602,1424.1,25143
844.2,18599,1424.2,25123
844.3,18585,1424.3,25113
844.4,18581,1424.4,25102
844.5,18552,1424.5,25100
844.6,18514,1424.6,25146
844.7,18506,1424.7,25143
844.8,18470,1424.8,25129
844.9,18466,1424.9,25152
845.0,18481,1425.0,25147
845.1,18455,1425.1,25144
845.2,18443,1425.2,25167
845.3,18403,1425.3,25151
845.4,18428,1425.4,25150
845.5,18394,1425.5,25138
845.6,18400,1425.6,25134
845.7,18351,1425.7,25144
845.8,18386,1425.8,25140
845.9,18374,1425.9,25144
846.0,18337,1426.0,25181
846.1,18348,1426.1,25156
846.2,18333,1426.2,25214
846.3,18327,1426.3,25166
846.4,18339,1426.4,25150
846.5,18316,1426.5,25165
846.6,18306,1426.6,25171
846.7,18268,1426.7,25202
846.8,18236,1426.8,25137
846.9,18249,1426.9,25147
847.0,18241,1427.0,25128
847.1,18246,1427.1,25181
847.2,18202,1427.2,25146
847.3,18208,1427.3,25174
847.4,18215,1427.4,25195
847.5,18219,1427.5,25168
847.6,18189,1427.6,25215
847.7,18231,1427.7,25192
847.8,18200,1427.8,25169
847.9,18162,1427.9,25210
848.0,18160,1428.0,25210
848.1,18162,1428.1,25224
848.2,18211,1428.2,25227
848.3,18165,1428.3,25225
848.4,18150,1428.4,25195
848.5,18134,1428.5,25201
848.6,18118,1428.6,25222
848.7,18141,1428.7,25228
848.8,18141,1428.8,25210
848.9,18134,1428.9,25230
849.0,18130,1429.0,25225
849.1,18147,1429.1,25235
849.2,18161,1429.2,25233
849.3,18105,1429.3,25257
849.4,18143,1429.4,25186
849.5,18123,1429.5,25237
849.6,18088,1429.6,25225
849.7,18114,1429.7,25241
849.8,18091,1429.8,25215
849.9,18107,1429.9,25215
850.0,18111,1430.0,25250
850.1,18090,1430.1,25273
850.2,18103,1430.2,25296
850.3,18094,1430.3,25245
850.4,18089,1430.4,25217
850.5,18120,1430.5,25246
850.6,18143,1430.6,25282
850.7,18113,1430.7,25266
850.8,18080,1430.8,25233
850.9,18115,1430.9,25236
851.0,18159,1431.0,25258
851.1,18100,1431.1,25268
851.2,18131,1431.2,25245
851.3,18088,1431.3,25258
851.4,18067,1431.4,25236
851.5,18126,1431.5,25245
851.6,18120,1431.6,25258
851.7,18097,1431.7,25269
851.8,18108,1431.8,25271
851.9,18119,1431.9,25287
852.0,18120,1432.0,25294
852.1,18134,1432.1,25277
852.2,18142,1432.2,25292
852.3,18129,1432.3,25267
852.4,18159,1432.4,25283
852.5,18141,1432.5,25317
852.6,18102,1432.6,25302
852.7,18099,1432.7,25301
852.8,18097,1432.8,25297
852.9,18123,1432.9,25306
853.0,18109,1433.0,25278
853.1,18115,1433.1,25307
853.2,18085,1433.2,25248
853.3,18163,1433.3,25289
853.4,18131,1433.4,25314
853.5,18113,1433.5,25335
853.6,18150,1433.6,25305
853.7,18134,1433.7,25322
853.8,18134,1433.8,25291
853.9,18097,1433.9,25296
854.0,18108,1434.0,25315
854.1,18113,1434.1,25309
854.2,18134,1434.2,25298
854.3,18084,1434.3,25325
854.4,18117,1434.4,25322
854.5,18114,1434.5,25302
854.6,18077,1434.6,25317
854.7,18071,1434.7,25332
854.8,18108,1434.8,25323
854.9,18106,1434.9,25312
855.0,18098,1435.0,25321
855.1,18090,1435.1,25334
855.2,18077,1435.2,25304
855.3,18048,1435.3,25337
855.4,18084,1435.4,25331
855.5,18064,1435.5,25316
855.6,18038,1435.6,25305
855.7,18055,1435.7,25321
855.8,18044,1435.8,25333
855.9,18028,1435.9,25341
856.0,18034,1436.0,25334
856.1,18030,1436.1,25333
856.2,18009,1436.2,25336
856.3,18075,1436.3,25354
856.4,18050,1436.4,25344
856.5,17990,1436.5,25346
856.6,18033,1436.6,25342
856.7,18023,1436.7,25347
856.8,18021,1436.8,25347
856.9,17991,1436.9,25401
857.0,18017,1437.0,25371
857.1,17988,1437.1,25354
857.2,17996,1437.2,25359
857.3,18032,1437.3,25356
857.4,18025,1437.4,25355
857.5,17974,1437.5,25366
857.6,17988,1437.6,25343
857.7,17978,1437.7,25323
857.8,17989,1437.8,25375
857.9,17971,1437.9,25369
858.0,17975,1438.0,25354
858.1,17950,1438.1,25357
858.2,17934,1438.2,25374
858.3,17962,1438.3,25365
858.4,17996,1438.4,25343
858.5,17976,1438.5,25334
858.6,17968,1438.6,25391
858.7,17980,1438.7,25370
858.8,18001,1438.8,25353
858.9,17997,1438.9,25350
859.0,17980,1439.0,25350
859.1,17981,1439.1,25338
859.2,17965,1439.2,25367
859.3,17960,1439.3,25358
859.4,17955,1439.4,25375
859.5,17994,1439.5,25387
859.6,18007,1439.6,25393
859.7,17996,1439.7,25398
859.8,18016,1439.8,25383
859.9,17995,1439.9,25398
860.0,17981,1440.0,25382
860.1,17959,1440.1,25390
860.2,17999,1440.2,25377
860.3,17979,1440.3,25401
860.4,17954,1440.4,25408
860.5,17979,1440.5,25404
860.6,17988,1440.6,25408
860.7,17941,1440.7,25428
860.8,17958,1440.8,25425
860.9,17990,1440.9,25387
861.0,17941,1441.0,25387
861.1,17940,1441.1,25383
861.2,17984,1441.2,25376
861.3,17986,1441.3,25405
861.4,17973,1441.4,25420
861.5,18020,1441.5,25423
861.6,17966,1441.6,25419
861.7,17943,1441.7,25412
861.8,17953,1441.8,25384
861.9,17964,1441.9,25411
862.0,17923,1442.0,25460
862.1,17967,1442.1,25437
862.2,17977,1442.2,25429
862.3,17947,1442.3,25421
862.4,17956,1442.4,25417
862.5,17957,1442.5,25424
862.6,17982,1442.6,25417
862.7,17982,1442.7,25449
862.8,17972,1442.8,25431
862.9,17962,1442.9,25439
863.0,17970,1443.0,25440
863.1,17998,1443.1,25462
863.2,17975,1443.2,25420
863.3,17959,1443.3,25446
863.4,17979,1443.4,25468
863.5,17982,1443.5,25470
863.6,17951,1443.6,25491
863.7,17971,1443.7,25462
863.8,17980,1443.8,25480
863.9,17988,1443.9,25439
864.0,17928,1444.0,25449
864.1,17969,1444.1,25466
864.2,17952,1444.2,25451
864.3,17946,1444.3,25450
864.4,17922,1444.4,25468
864.5,17974,1444.5,25454
864.6,17971,1444.6,25451
864.7,17988,1444.7,25496
864.8,17990,1444.8,25510
864.9,17974,1444.9,25452
865.0,17965,1445.0,25483
865.1,17969,1445.1,25469
865.2,17999,1445.2,25469
865.3,17981,1445.3,25540
865.4,17944,1445.4,25475
865.5,17976,1445.5,25497
865.6,17993,1445.6,25469
865.7,17991,1445.7,25492
865.8,18004,1445.8,25486
865.9,17987,1445.9,25503
866.0,18008,1446.0,25500
866.1,17979,1446.1,25510
866.2,18016,1446.2,25473
866.3,17985,1446.3,25484
866.4,17969,1446.4,25499
866.5,18007,1446.5,25500
866.6,17997,1446.6,25523
866.7,18006,1446.7,25506
866.8,18035,1446.8,25502
866.9,17985,1446.9,25479
867.0,17999,1447.0,25522
867.1,18053,1447.1,25532
867.2,18019,1447.2,25540
867.3,18054,1447.3,25488
867.4,18030,1447.4,25530
867.5,18017,1447.5,25545
867.6,18042,1447.6,25547
867.7,18021,1447.7,25539
867.8,18008,1447.8,25534
867.9,18039,1447.9,25556
868.0,18015,1448.0,25573
868.1,18023,1448.1,25546
868.2,18046,1448.2,25545
868.3,18042,1448.3,25544
868.4,18043,1448.4,25539
868.5,18060,1448.5,25572
868.6,18025,1448.6,25538
868.7,18044,1448.7,25530
868.8,18060,1448.8,25558
868.9,18050,1448.9,25587
869.0,18043,1449.0,25547
869.1,18054,1449.1,25489
869.2,18061,1449.2,25565
869.3,18056,1449.3,25566
869.4,18049,1449.4,25574
869.5,18037,1449.5,25574
869.6,18101,1449.6,25535
869.7,18072,1449.7,25592
869.8,18102,1449.8,25600
869.9,18093,1449.9,25617
870.0,18122,1450.0,25602
870.1,18106,,
870.2,18095,,
870.3,18139,,
870.4,18099,,
870.5,18085,,
870.6,18096,,
870.7,18110,,
870.8,18140,,
870.9,18117,,
871.0,18108,,
871.1,18132,,
871.2,18194,,
871.3,18121,,
871.4,18153,,
871.5,18150,,
871.6,18143,,
871.7,18134,,
871.8,18113,,
871.9,18172,,
872.0,18149,,
872.1,18133,,
872.2,18184,,
872.3,18191,,
872.4,18172,,
872.5,18130,,
872.6,18190,,
872.7,18190,,
872.8,18174,,
872.9,18161,,
873.0,18197,,
873.1,18195,,
873.2,18190,,
873.3,18190,,
873.4,18223,,
873.5,18165,,
873.6,18182,,
873.7,18241,,
873.8,18232,,
873.9,18229,,
874.0,18206,,
874.1,18226,,
874.2,18252,,
874.3,18257,,
874.4,18262,,
874.5,18293,,
874.6,18232,,
874.7,18229,,
874.8,18269,,
874.9,18285,,
875.0,18234,,
875.1,18265,,
875.2,18286,,
875.3,18304,,
875.4,18288,,
875.5,18260,,
875.6,18284,,
875.7,18300,,
875.8,18305,,
875.9,18299,,
876.0,18349,,
876.1,18336,,
876.2,18343,,
876.3,18344,,
876.4,18328,,
876.5,18313,,
876.6,18332,,
876.7,18362,,
876.8,18339,,
876.9,18342,,
877.0,18397,,
877.1,18365,,
877.2,18374,,
877.3,18345,,
877.4,18346,,
877.5,18346,,
877.6,18364,,
877.7,18377,,
877.8,18381,,
877.9,18377,,
878.0,18386,,
878.1,18380,,
878.2,18433,,
878.3,18406,,
878.4,18446,,
878.5,18447,,
878.6,18401,,
878.7,18418,,
878.8,18445,,
878.9,18429,,
879.0,18456,,
879.1,18415,,
879.2,18438,,
879.3,18412,,
879.4,18440,,
879.5,18457,,
879.6,18471,,
879.7,18494,,
879.8,18467,,
879.9,18518,,
880.0,18469,,
880.1,18505,,
880.2,18509,,
880.3,18493,,
880.4,18532,,
880.5,18505,,
880.6,18513,,
880.7,18511,,
880.8,18543,,
880.9,18513,,
881.0,18515,,
881.1,18495,,
881.2,18515,,
881.3,18540,,
881.4,18555,,
881.5,18522,,
881.6,18529,,
881.7,18540,,
881.8,18546,,
881.9,18549,,
882.0,18619,,
882.1,18626,,
882.2,18558,,
882.3,18583,,
882.4,18618,,
882.5,18599,,
882.6,18597,,
882.7,18578,,
882.8,18618,,
882.9,18609,,
883.0,18622,,
883.1,18653,,
883.2,18654,,
883.3,18635,,
883.4,18672,,
883.5,18666,,
883.6,18638,,
883.7,18670,,
883.8,18648,,
883.9,18637,,
884.0,18663,,
884.1,18677,,
884.2,18695,,
884.3,18694,,
884.4,18691,,
884.5,18714,,
884.6,18698,,
884.7,18684,,
884.8,18718,,
884.9,18723,,
885.0,18699,,
885.1,18724,,
885.2,18727,,
885.3,18734,,
885.4,18701,,
885.5,18734,,
885.6,18762,,
885.7,18755,,
885.8,18763,,
885.9,18807,,
886.0,18810,,
886.1,18786,,
886.2,18741,,
886.3,18765,,
886.4,18790,,
886.5,18772,,
886.6,18802,,
886.7,18830,,
886.8,18814,,
886.9,18812,,
887.0,18805,,
887.1,18818,,
887.2,18807,,
887.3,18826,,
887.4,18835,,
887.5,18878,,
887.6,18879,,
887.7,18893,,
887.8,18879,,
887.9,18893,,
888.0,18911,,
888.1,18924,,
888.2,18934,,
888.3,18923,,
888.4,18919,,
888.5,18926,,
888.6,18936,,
888.7,18928,,
888.8,18902,,
888.9,18934,,
889.0,18973,,
889.1,18987,,
889.2,18973,,
889.3,19006,,
889.4,18999,,
889.5,18983,,
889.6,19002,,
889.7,18960,,
889.8,19011,,
889.9,19000,,
890.0,19031,,
890.1,19066,,
890.2,19010,,
890.3,19038,,
890.4,19041,,
890.5,19070,,
890.6,19082,,
890.7,19078,,
890.8,19113,,
890.9,19068,,
891.0,19072,,
891.1,19110,,
891.2,19117,,
891.3,19124,,
891.4,19095,,
891.5,19087,,
891.6,19144,,
891.7,19152,,
891.8,19178,,
891.9,19173,,
892.0,19169,,
892.1,19201,,
892.2,19178,,
892.3,19192,,
892.4,19217,,
892.5,19188,,
892.6,19183,,
892.7,19215,,
892.8,19237,,
892.9,19249,,
893.0,19241,,
893.1,19230,,
893.2,19263,,
893.3,19289,,
893.4,19253,,
893.5,19231,,
893.6,19259,,
893.7,19281,,
893.8,19279,,
893.9,19310,,
894.0,19290,,
894.1,19288,,
894.2,19329,,
894.3,19310,,
894.4,19294,,
894.5,19323,,
894.6,19366,,
894.7,19344,,
894.8,19347,,
894.9,19302,,
895.0,19355,,
895.1,19357,,
895.2,19345,,
895.3,19366,,
895.4,19392,,
895.5,19413,,
895.6,19386,,
895.7,19345,,
895.8,19421,,
895.9,19399,,
896.0,19383,,
896.1,19389,,
896.2,19402,,
896.3,19370,,
896.4,19403,,
896.5,19415,,
896.6,19421,,
896.7,19451,,
896.8,19471,,
896.9,19425,,
897.0,19442,,
897.1,19476,,
897.2,19450,,
897.3,19448,,
897.4,19452,,
897.5,19443,,
897.6,19461,,
897.7,19467,,
897.8,19462,,
897.9,19448,,
898.0,19451,,
898.1,19473,,
898.2,19477,,
898.3,19489,,
898.4,19454,,
898.5,19442,,
898.6,19436,,
898.7,19472,,
898.8,19474,,
898.9,19503,,
899.0,19509,,
899.1,19476,,
899.2,19454,,
899.3,19487,,
899.4,19470,,
899.5,19469,,
899.6,19466,,
899.7,19477,,
899.8,19494,,
899.9,19510,,
900.0,19520,,
900.1,19500,,
900.2,19480,,
900.3,19504,,
900.4,19490,,
900.5,19509,,
900.6,19554,,
900.7,19544,,
900.8,19522,,
900.9,19517,,
901.0,19513,,
901.1,19494,,
901.2,19525,,
901.3,19555,,
901.4,19536,,
901.5,19523,,
901.6,19574,,
901.7,19523,,
901.8,19544,,
901.9,19543,,
902.0,19535,,
902.1,19561,,
902.2,19534,,
902.3,19559,,
902.4,19581,,
902.5,19539,,
902.6,19538,,
902.7,19587,,
902.8,19600,,
902.9,19595,,
903.0,19609,,
903.1,19631,,
903.2,19581,,
903.3,19576,,
903.4,19579,,
903.5,19619,,
903.6,19622,,
903.7,19660,,
903.8,19645,,
903.9,19622,,
904.0,19633,,
904.1,19658,,
904.2,19619,,
904.3,19669,,
904.4,19666,,
904.5,19697,,
904.6,19662,,
904.7,19709,,
904.8,19717,,
904.9,19700,,
905.0,19710,,
905.1,19745,,
905.2,19712,,
905.3,19718,,
905.4,19741,,
905.5,19782,,
905.6,19789,,
905.7,19752,,
905.8,19770,,
905.9,19794,,
906.0,19820,,
906.1,19812,,
906.2,19755,,
906.3,19795,,
906.4,19838,,
906.5,19862,,
906.6,19882,,
906.7,19868,,
906.8,19875,,
906.9,19927,,
907.0,19944,,
907.1,19905,,
907.2,19929,,
907.3,19975,,
907.4,19967,,
907.5,19992,,
907.6,20022,,
907.7,20031,,
907.8,20078,,
907.9,20057,,
908.0,20073,,
908.1,20116,,
908.2,20131,,
908.3,20131,,
908.4,20136,,
908.5,20207,,
908.6,20149,,
908.7,20204,,
908.8,20249,,
908.9,20280,,
909.0,20257,,
909.1,20288,,
909.2,20363,,
909.3,20375,,
909.4,20350,,
909.5,20376,,
909.6,20392,,
909.7,20448,,
909.8,20481,,
909.9,20473,,
910.0,20458,,
910.1,20523,,
910.2,20533,,
910.3,20546,,
910.4,20598,,
910.5,20596,,
910.6,20613,,
910.7,20668,,
910.8,20700,,
910.9,20755,,
911.0,20775,,
911.1,20821,,
911.2,20875,,
911.3,20913,,
911.4,20932,,
911.5,20994,,
911.6,20955,,
911.7,21021,,
911.8,21029,,
911.9,21084,,
912.0,21114,,
912.1,21135,,
912.2,21119,,
912.3,21144,,
912.4,21155,,
912.5,21171,,
912.6,21158,,
912.7,21158,,
912.8,21149,,
912.9,21120,,
913.0,21159,,
913.1,21093,,
913.2,21109,,
913.3,21059,,
913.4,21035,,
913.5,21026,,
913.6,20980,,
913.7,20991,,
913.8,20944,,
913.9,20881,,
914.0,20848,,
914.1,20867,,
914.2,20837,,
914.3,20781,,
914.4,20740,,
914.5,20654,,
914.6,20604,,
914.7,20590,,
914.8,20494,,
914.9,20424,,
915.0,20411,,
915.1,20364,,
915.2,20298,,
915.3,20214,,
915.4,20111,,
915.5,20075,,
915.6,20017,,
915.7,19990,,
915.8,19941,,
915.9,19874,,
916.0,19786,,
916.1,19727,,
916.2,19642,,
916.3,19578,,
916.4,19513,,
916.5,19471,,
916.6,19442,,
916.7,19349,,
916.8,19314,,
916.9,19242,,
917.0,19218,,
917.1,19179,,
917.2,19129,,
917.3,19068,,
917.4,19037,,
917.5,19008,,
917.6,19010,,
917.7,18923,,
917.8,18888,,
917.9,18786,,
918.0,18778,,
918.1,18754,,
918.2,18740,,
918.3,18671,,
918.4,18641,,
918.5,18618,,
918.6,18578,,
918.7,18564,,
918.8,18495,,
918.9,18497,,
919.0,18479,,
919.1,18403,,
919.2,18388,,
919.3,18451,,
919.4,18372,,
919.5,18349,,
919.6,18294,,
919.7,18277,,
919.8,18262,,
919.9,18264,,
920.0,18222,,
920.1,18205,,
920.2,18230,,
920.3,18179,,
920.4,18204,,
920.5,18136,,
920.6,18134,,
920.7,18178,,
920.8,18091,,
920.9,18088,,
921.0,18088,,
921.1,18119,,
921.2,18069,,
921.3,18073,,
921.4,18067,,
921.5,18066,,
921.6,18064,,
921.7,18054,,
921.8,18035,,
921.9,18034,,
922.0,17996,,
922.1,18024,,
922.2,18019,,
922.3,17995,,
922.4,17977,,
922.5,17984,,
922.6,17965,,
922.7,17962,,
922.8,17964,,
922.9,17961,,
923.0,17962,,
923.1,17970,,
923.2,17977,,
923.3,17960,,
923.4,17935,,
923.5,17942,,
923.6,17978,,
923.7,17920,,
923.8,17882,,
923.9,17955,,
924.0,17932,,
924.1,17937,,
924.2,17902,,
924.3,17918,,
924.4,17889,,
924.5,17917,,
924.6,17910,,
924.7,17899,,
924.8,17877,,
924.9,17882,,
925.0,17915,,
925.1,17883,,
925.2,17903,,
925.3,17904,,
925.4,17881,,
925.5,17892,,
925.6,17868,,
925.7,17876,,
925.8,17881,,
925.9,17880,,
926.0,17883,,
926.1,17856,,
926.2,17871,,
926.3,17879,,
926.4000000000001,17881,,
926.5,17878,,
926.6,17851,,
926.7,17861,,
926.8,17860,,
926.9000000000001,17868,,
927.0,17879,,
927.1,17902,,
927.2,17850,,
927.3,17871,,
927.4000000000001,17865,,
927.5,17831,,
927.6,17823,,
927.7,17864,,
927.8,17841,,
927.9000000000001,17850,,
928.0,17853,,
928.1,17895,,
928.2,17906,,
928.3,17852,,
928.4000000000001,17868,,
928.5,17845,,
928.6,17916,,
928.7,17829,,
928.8,17893,,
928.9000000000001,17838,,
929.0,17903,,
929.1,17855,,
929.2,17846,,
929.3,17854,,
929.4000000000001,17812,,
929.5,17828,,
929.6,17865,,
929.7,17856,,
929.8,17847,,
929.9000000000001,17859,,
930.0,17832,,
930.1,17837,,
930.2,17827,,
930.3,17855,,
930.4000000000001,17835,,
930.5,17851,,
930.6,17856,,
930.7,17909,,
930.8,17851,,
930.9000000000001,17851,,
931.0,17855,,
931.1,17860,,
931.2,17849,,
931.3,17852,,
931.4000000000001,17846,,
931.5,17867,,
931.6,17867,,
931.7,17870,,
931.8,17888,,
931.9000000000001,17879,,
932.0,17855,,
932.1,17898,,
932.2,17883,,
932.3,17860,,
932.4000000000001,17866,,
932.5,17880,,
932.6,17879,,
932.7,17870,,
932.8,17839,,
932.9000000000001,17836,,
933.0,17851,,
933.1,17848,,
933.2,17825,,
933.3,17833,,
933.4000000000001,17822,,
933.5,17842,,
933.6,17832,,
933.7,17841,,
933.8,17790,,
933.9000000000001,17795,,
934.0,17739,,
934.1,17798,,
934.2,17780,,
934.3,17780,,
934.4000000000001,17737,,
934.5,17768,,
934.6,17703,,
934.7,17740,,
934.8,17695,,
934.9000000000001,17704,,
935.0,17689,,
935.1,17676,,
935.2,17701,,
935.3,17652,,
935.4000000000001,17652,,
935.5,17647,,
935.6,17644,,
935.7,17633,,
935.8,17624,,
935.9000000000001,17581,,
936.0,17621,,
936.1,17553,,
936.2,17580,,
936.3,17594,,
936.4000000000001,17545,,
936.5,17562,,
936.6,17556,,
936.7,17510,,
936.8,17560,,
936.9000000000001,17492,,
937.0,17513,,
937.1,17511,,
937.2,17492,,
937.3,17506,,
937.4000000000001,17463,,
937.5,17466,,
937.6,17473,,
937.7,17449,,
937.8,17443,,
937.9000000000001,17451,,
938.0,17441,,
938.1,17418,,
938.2,17409,,
938.3,17396,,
938.4000000000001,17399,,
938.5,17432,,
938.6,17418,,
938.7,17390,,
938.8,17421,,
938.9000000000001,17363,,
939.0,17414,,
939.1,17402,,
939.2,17372,,
939.3,17364,,
939.4000000000001,17335,,
939.5,17360,,
939.6,17365,,
939.7,17349,,
939.8,17379,,
939.9000000000001,17389,,
940.0,17341,,
940.1,17343,,
940.2,17369,,
940.3,17356,,
940.4000000000001,17331,,
940.5,17378,,
940.6,17348,,
940.7,17322,,
940.8,17330,,
940.9000000000001,17308,,
941.0,17318,,
941.1,17311,,
941.2,17339,,
941.3,17283,,
941.4000000000001,17341,,
941.5,17318,,
941.6,17309,,
941.7,17335,,
941.8,17296,,
941.9000000000001,17328,,
942.0,17326,,
942.1,17297,,
942.2,17335,,
942.3,17341,,
942.4000000000001,17345,,
942.5,17328,,
942.6,17333,,
942.7,17342,,
942.8,17338,,
942.9000000000001,17350,,
943.0,17353,,
943.1,17327,,
943.2,17337,,
943.3,17331,,
943.4000000000001,17320,,
943.5,17334,,
943.6,17305,,
943.7,17307,,
943.8,17334,,
943.9000000000001,17311,,
944.0,17337,,
944.1,17328,,
944.2,17298,,
944.3,17303,,
944.4000000000001,17336,,
944.5,17342,,
944.6,17328,,
944.7,17328,,
944.8,17332,,
944.9000000000001,17355,,
945.0,17328,,
945.1,17313,,
945.2,17291,,
945.3,17313,,
945.4000000000001,17279,,
945.5,17318,,
945.6,17346,,
945.7,17327,,
945.8,17354,,
945.9000000000001,17289,,
946.0,17343,,
946.1,17326,,
946.2,17365,,
946.3,17321,,
946.4000000000001,17330,,
946.5,17340,,
946.6,17328,,
946.7,17342,,
946.8,17302,,
946.9000000000001,17355,,
947.0,17335,,
947.1,17350,,
947.2,17376,,
947.3,17341,,
947.4000000000001,17336,,
947.5,17366,,
947.6,17374,,
947.7,17358,,
947.8,17374,,
947.9000000000001,17362,,
948.0,17335,,
948.1,17338,,
948.2,17373,,
948.3,17385,,
948.4000000000001,17390,,
948.5,17366,,
948.6,17377,,
948.7,17349,,
948.8,17367,,
948.9000000000001,17380,,
949.0,17346,,
949.1,17328,,
949.2,17324,,
949.3,17349,,
949.4000000000001,17332,,
949.5,17367,,
949.6,17357,,
949.7,17347,,
949.8,17356,,
949.9000000000001,17364,,
950.0,17380,,
950.1,17345,,
950.2,17344,,
950.3,17328,,
950.4000000000001,17363,,
950.5,17363,,
950.6,17358,,
950.7,17352,,
950.8,17353,,
950.9000000000001,17370,,
951.0,17346,,
951.1,17341,,
951.2,17346,,
951.3,17343,,
951.4000000000001,17359,,
951.5,17355,,
951.6,17403,,
951.7,17382,,
951.8,17362,,
951.9000000000001,17416,,
952.0,17379,,
952.1,17388,,
952.2,17364,,
952.3,17371,,
952.4000000000001,17384,,
952.5,17340,,
952.6,17381,,
952.7,17383,,
952.8,17383,,
952.9000000000001,17370,,
953.0,17400,,
953.1,17385,,
953.2,17387,,
953.3,17410,,
953.4000000000001,17368,,
953.5,17381,,
953.6,17403,,
953.7,17399,,
953.8,17438,,
953.9000000000001,17417,,
954.0,17446,,
954.1,17436,,
954.2,17419,,
954.3,17424,,
954.4000000000001,17435,,
954.5,17437,,
954.6,17439,,
954.7,17422,,
954.8,17398,,
954.9000000000001,17410,,
955.0,17430,,
955.1,17466,,
955.2,17424,,
955.3,17441,,
955.4000000000001,17438,,
955.5,17409,,
955.6,17434,,
955.7,17409,,
955.8,17411,,
955.9000000000001,17441,,
956.0,17431,,
956.1,17430,,
956.2,17445,,
956.3,17456,,
956.4000000000001,17461,,
956.5,17452,,
956.6,17459,,
956.7,17434,,
956.8,17474,,
956.9000000000001,17469,,
957.0,17408,,
957.1,17472,,
957.2,17431,,
957.3,17472,,
957.4000000000001,17438,,
957.5,17453,,
957.6,17427,,
957.7,17425,,
957.8,17446,,
957.9000000000001,17445,,
958.0,17482,,
958.1,17468,,
958.2,17434,,
958.3,17465,,
958.4000000000001,17470,,
958.5,17450,,
958.6,17441,,
958.7,17447,,
958.8,17478,,
958.9000000000001,17477,,
959.0,17479,,
959.1,17487,,
959.2,17464,,
959.3,17504,,
959.4000000000001,17476,,
959.5,17512,,
959.6,17464,,
959.7,17482,,
959.8,17471,,
959.9000000000001,17467,,
960.0,17481,,
960.1,17473,,
960.2,17478,,
960.3,17476,,
960.4000000000001,17478,,
960.5,17506,,
960.6,17486,,
960.7,17517,,
960.8,17491,,
960.9000000000001,17476,,
961.0,17492,,
961.1,17499,,
961.2,17527,,
961.3,17500,,
961.4000000000001,17501,,
961.5,17484,,
961.6,17502,,
961.7,17463,,
961.8,17502,,
961.9000000000001,17511,,
962.0,17538,,
962.1,17523,,
962.2,17476,,
962.3,17514,,
962.4000000000001,17510,,
962.5,17489,,
962.6,17485,,
962.7,17525,,
962.8,17524,,
962.9000000000001,17518,,
963.0,17533,,
963.1,17555,,
963.2,17518,,
963.3,17508,,
963.4000000000001,17518,,
963.5,17548,,
963.6,17475,,
963.7,17539,,
963.8,17559,,
963.9000000000001,17512,,
964.0,17536,,
964.1,17513,,
964.2,17532,,
964.3,17540,,
964.4000000000001,17559,,
964.5,17539,,
964.6,17532,,
964.7,17564,,
964.8,17559,,
964.9000000000001,17525,,
965.0,17559,,
965.1,17554,,
965.2,17543,,
965.3,17510,,
965.4000000000001,17532,,
965.5,17543,,
965.6,17525,,
965.7,17524,,
965.8,17553,,
965.9000000000001,17527,,
966.0,17546,,
966.1,17577,,
966.2,17592,,
966.3,17601,,
966.4000000000001,17584,,
966.5,17552,,
966.6,17562,,
966.7,17580,,
966.8,17571,,
966.9000000000001,17544,,
967.0,17611,,
967.1,17601,,
967.2,17601,,
967.3,17548,,
967.4000000000001,17568,,
967.5,17557,,
967.6,17588,,
967.7,17609,,
967.8,17576,,
967.9000000000001,17543,,
968.0,17556,,
968.1,17614,,
968.2,17585,,
968.3,17576,,
968.4000000000001,17623,,
968.5,17611,,
968.6,17596,,
968.7,17601,,
968.8,17599,,
968.9000000000001,17598,,
969.0,17636,,
969.1,17625,,
969.2,17584,,
969.3,17590,,
969.4000000000001,17604,,
969.5,17623,,
969.6,17620,,
969.7,17632,,
969.8,17593,,
969.9000000000001,17588,,
970.0,17631,,
